areacd,areanm,2002,2003,2004,2005,2006,2007,2008,2009,2010,2011,2012,2013,2014,2015,2016,2017,2018,2019,2020
K02000001,United Kingdom,37577,37353,39663,41440,43172,44648,45723,46470,47223,48154,49308,50546,51802,53091,54451,55891,57056,57808,58054
E06000001,Hartlepool,26089,25897,27740,28889,30173,31491,32849,34076,35642,37280,38444,38894,39280,40483,42105,43764,44859,45686,46076
E06000002,Middlesbrough,26607,26631,27770,29016,30584,31818,33057,34057,35128,36134,37104,38156,39483,41035,42854,44359,45571,46020,46162
E06000003,Redcar and Cleveland,31219,30912,32399,33135,33837,35304,36945,38523,39378,39712,39458,39457,39825,40407,40527,40712,41385,42624,43477
E06000004,Stockton-on-Tees,38350,38054,40722,42701,44707,46601,48126,49072,49625,49945,50660,51618,53144,54414,55459,56057,56397,56659,56667
E06000005,Darlington,39417,39208,41427,41871,41875,41303,41003,40978,41228,42210,43461,45516,47614,49425,50285,50835,50654,50429,49873
E06000006,Halton,50110,49810,51347,52725,54767,56903,59379,61189,61622,61819,62076,63991,64773,65039,63930,63658,63694,64265,64516
E06000007,Warrington,39134,38766,41243,43071,44596,45775,45689,45033,44484,44801,45854,47504,48961,50462,51478,53203,54228,55016,54893
E06000008,Blackburn with Darwen,28221,28025,29605,30761,31758,32494,33346,34566,36046,37277,37871,38554,39642,41433,42670,43619,43862,44440,44678
E06000009,Blackpool,25585,25163,27827,29225,29859,30327,30572,30869,31621,32508,33358,34031,34906,36614,38519,40290,40825,40912,40647
E06000010,"Kingston upon Hull, City of",30973,30877,32232,34119,36868,39765,42142,42846,42470,41515,41102,41294,42085,43107,44011,44777,45410,46005,46297
E06000011,East Riding of Yorkshire,37724,37544,40326,42131,43607,43825,43245,41844,41021,41079,42105,43450,44379,45104,45490,46691,48317,50076,50987
E06000012,North East Lincolnshire,30131,30130,30997,32378,33979,35413,36098,36425,36700,37601,38941,40417,41530,42162,42516,43109,43991,45023,45588
E06000013,North Lincolnshire,37729,37252,39845,41430,43195,45688,48086,49305,49444,48653,48189,48599,49788,51749,53443,55736,56773,57379,56917
E06000014,York,40223,39965,42874,44742,45909,46392,46134,45806,45773,46444,47533,48833,49984,51175,52152,53074,53291,53266,52969
E06000015,Derby,40649,40415,42979,44748,46110,46852,47602,48560,49641,50556,50864,50963,50731,50611,50507,50530,50432,50216,49960
E06000016,Leicester,26704,26455,28830,30497,32313,33922,35308,36133,37001,37988,39422,40724,41908,42876,44545,46512,48673,49733,50195
E06000017,Rutland,31788,31663,33085,34048,34918,35228,35450,35388,35784,36079,36819,37211,37797,37843,37835,37995,38710,39548,40016
E06000018,Nottingham,29137,28890,31509,33329,35079,36601,37655,38211,38584,39149,39869,40319,40711,41684,43676,46349,48324,49404,49577
E06000019,"Herefordshire, County of",30984,31091,30416,30128,30114,30256,30713,31319,32164,32896,33865,35091,36448,37161,37297,37569,38202,38918,39204
E06000020,Telford and Wrekin,32873,32569,34078,34843,35557,36447,37325,38229,39031,40080,40871,41616,42280,43498,45336,47224,48801,49671,50108
E06000021,Stoke-on-Trent,28720,28602,30852,32750,34639,36149,36985,37341,37586,38200,39039,39957,40638,41421,42580,44514,46475,47951,48524
E06000022,Bath and North East Somerset,31549,31582,32716,34461,36322,37809,38666,38879,39004,39054,39340,39776,40395,41133,41816,42348,42379,42188,41862
E06000023,"Bristol, City of",33119,32720,35570,37359,39086,40774,42332,43542,44449,44962,45375,45723,46553,47843,49431,50677,51392,51753,51928
E06000024,North Somerset,34973,34759,36400,37277,37994,38366,38603,38410,38645,39399,41192,43024,44352,44883,45092,45541,45952,46304,46343
E06000025,South Gloucestershire,48272,48435,48227,49082,50881,52559,53782,54474,55987,58338,61754,64587,67113,69051,71062,72813,73895,74376,74408
E06000026,Plymouth,27584,27401,29444,30746,31993,32922,33884,34674,35387,36055,36853,37728,38746,39948,41568,43166,44267,44684,44687
E06000027,Torbay,26779,26610,28622,30135,31544,32515,33274,33587,33573,33211,33039,33436,34217,34947,35343,35421,35453,35493,35571
E06000030,Swindon,46880,46402,49971,53002,56823,60598,63699,65118,66055,66485,67728,69413,71766,74022,76067,78148,79442,80039,79802
E06000031,Peterborough,36984,36862,39955,42323,43778,44510,44566,45033,45948,46997,47523,47004,46437,46099,47646,50127,52987,54320,54636
E06000032,Luton,43529,43666,43299,43950,45402,47004,48462,49116,49701,50107,51098,52742,54703,56783,58141,59607,59884,59897,59227
E06000033,Southend-on-Sea,25707,25435,27807,29394,30777,31968,33083,34079,34921,35632,36286,36986,37703,38656,39584,40607,40979,41215,41086
E06000034,Thurrock,40479,40081,43701,46056,47471,48166,48386,48334,48485,48150,48292,48398,49435,50971,53305,56191,58041,58948,58689
E06000035,Medway,31378,31051,33396,35001,36908,39026,41068,42577,43699,44958,46415,48131,49341,50266,50957,52551,54267,55929,56529
E06000036,Bracknell Forest,48693,48476,51081,52895,54380,56698,59507,62704,65236,67933,70115,72342,73205,74658,75579,77411,77490,77305,76383
E06000037,West Berkshire,53284,53177,56032,58575,60737,61808,61548,60877,60895,62573,64773,67113,68237,69327,69751,71139,73336,76117,77949
E06000038,Reading,43930,43413,48526,52311,55543,58546,61213,63683,65005,65698,66097,66927,67764,68235,69530,71105,72529,72262,71504
E06000039,Slough,76973,76357,81472,84663,87536,89541,90540,90508,89994,89885,90242,91607,93251,94162,93818,93305,94316,96654,98604
E06000040,Windsor and Maidenhead,49451,49041,51808,54061,56149,58455,60600,62221,63892,65962,68895,71794,73844,76284,78901,81910,82764,82572,81723
E06000041,Wokingham,53658,53220,58063,61397,63674,65227,65693,65923,66187,66328,66811,66872,67936,68693,71100,74615,81130,86791,90567
E06000042,Milton Keynes,49727,49490,51724,53846,55574,56691,57057,57275,57730,58528,60193,62901,65753,68157,69880,72219,74441,76099,76587
E06000043,Brighton and Hove,31150,31066,32523,34187,36266,38181,39688,40425,40758,41283,42479,44118,45489,46550,47722,49462,51736,53623,54711
E06000044,Portsmouth,28466,28216,30761,32867,34910,36651,37793,38408,39093,40184,41991,43964,45392,46057,46274,47138,48595,50198,51092
E06000045,Southampton,34415,33988,37460,39592,41587,43752,46067,48575,51044,53276,54307,54835,55148,56392,58118,60027,61026,61092,60666
E06000046,Isle of Wight,27070,26771,29466,30776,31736,32586,33730,34765,35668,36367,37577,39132,40532,41216,41392,42012,42988,44111,44660
E06000047,County Durham,32228,31975,34655,36220,37337,38397,39580,40729,41733,42286,42866,42981,43285,43480,44142,44844,45561,46036,46245
E06000049,Cheshire East,44044,44073,46361,48229,50049,50848,51318,51808,53151,54837,56578,57819,59806,62245,65314,67280,68787,69540,70143
E06000050,Cheshire West and Chester,39113,38855,41210,43354,45723,47919,49653,51106,52211,53189,54112,54734,54906,54542,54974,56385,58186,59246,59472
E06000051,Shropshire,30245,29982,32073,33287,34529,35245,35580,35446,35678,36300,37175,38013,38613,39051,39422,39949,40577,40952,41089
E06000052,Cornwall,28541,28311,30309,31384,32024,32292,32442,32490,32731,33234,34054,34993,35983,37169,38510,40037,40992,41473,41393
E06000053,Isles of Scilly,36841,36365,37659,38210,38606,38827,40069,42269,46207,49658,48809,43053,37375,39800,50047,59176,61917,59472,57424
E06000054,Wiltshire,32430,32358,33613,34475,35387,36309,37294,38174,39577,41361,43266,43953,43619,43134,43345,44252,44879,45112,44978
E06000055,Bedford,35099,35210,35582,36691,38566,40085,41294,41544,41642,41680,42331,43313,44588,46088,47613,49258,50155,50602,50462
E06000056,Central Bedfordshire,37991,37960,38379,38978,39613,40484,41025,41324,41487,42244,43615,45144,47223,50381,54540,57144,57000,54795,53066
E06000057,Northumberland,30363,30272,31540,32563,33547,34149,34418,34705,35707,36966,38319,39044,40017,40716,41516,41868,42495,43128,43664
E06000058,"Bournemouth, Christchurch and Poole",35195,35034,37025,38548,40241,41734,42818,43442,43583,43840,44177,45024,46262,47989,49589,50764,51136,51259,51203
E06000059,Dorset,33923,33731,35205,35924,36394,36539,36687,36689,37115,37605,38471,39304,40235,41145,42013,43194,44227,45170,45525
E06000060,Buckinghamshire,41010,40955,42182,44019,46089,48210,49747,51014,52063,53044,53703,54283,54291,54192,54243,55191,56540,57551,57913
E06000061,North Northamptonshire,32429,32283,33538,34595,36023,37276,38440,38804,38950,38831,39446,40464,41651,42323,42755,42989,43239,43121,42996
E06000062,West Northamptonshire,34489,34449,35784,37418,39464,40942,41908,42374,42729,43266,44179,45816,47590,49072,50175,51335,52705,53812,54362
E07000008,Cambridge,33884,33530,37708,40240,41975,43273,44550,46149,47644,48632,48947,48982,49352,50350,51408,52429,52626,52755,52530
E07000009,East Cambridgeshire,43691,43222,45383,44830,43825,44406,46715,49267,50349,49679,47913,46567,46146,46743,47649,49367,50967,52207,52466
E07000010,Fenland,36575,36644,36233,35996,36162,37121,38976,40947,42984,44229,45721,46979,47853,47298,45911,45350,45134,45335,44964
E07000011,Huntingdonshire,37125,36773,38684,39301,39645,40156,40910,41953,43134,44490,45600,46423,47396,49140,51568,53948,55223,55748,55726
E07000012,South Cambridgeshire,43344,43060,45228,46369,47339,48487,49239,49754,50936,53376,56007,57104,56817,56536,56970,57651,58097,58061,57993
E07000026,Allerdale,33164,33503,33523,34531,35616,36829,38160,39258,39614,39546,40464,42466,44423,45112,44434,43344,42491,42224,42224
E07000027,Barrow-in-Furness,29985,29915,30763,32027,34040,35813,36978,37720,39300,41299,43109,44007,44874,46638,49582,53360,56682,58982,59888
E07000028,Carlisle,31932,31815,33611,35006,36546,38314,39961,41082,41082,41048,40888,41934,43169,44962,46307,47607,48009,48178,47889
E07000029,Copeland,32636,32701,36949,40472,42494,43052,43293,43252,43424,43149,43498,44130,44961,44757,43596,41944,41277,41372,41784
E07000030,Eden,34849,35026,35906,37339,38526,38652,38082,38131,39439,41120,42653,43601,44593,45487,46566,47715,48076,47593,46732
E07000031,South Lakeland,30287,30278,31848,33611,35124,36248,36824,36829,36694,36286,36449,36988,38012,39530,40872,42214,42439,42329,41878
E07000032,Amber Valley,32432,32282,33973,35189,36195,37130,37769,38321,38795,39591,40620,41600,42811,44092,46062,47752,49995,51610,52856
E07000033,Bolsover,52482,52913,51253,50668,50663,50840,50837,50375,49681,48404,48359,48047,49432,50932,54481,58659,62823,65557,66703
E07000034,Chesterfield,27236,27202,28941,30476,32048,33737,35188,36065,36036,36082,36966,39193,41298,42839,43113,43419,44200,45650,46767
E07000035,Derbyshire Dales,28046,27714,29918,31034,31945,32166,32189,31727,31653,32013,33664,35901,37738,38263,38081,37718,37762,37628,37637
E07000036,Erewash,23531,23301,24768,25610,26483,27597,28764,30123,31411,32689,33783,35182,36586,37792,38368,38836,39468,40362,40995
E07000037,High Peak,29442,29140,31416,32623,33373,33730,33663,33404,33386,33910,35070,36804,38545,40102,40546,40269,39386,38928,38781
E07000038,North East Derbyshire,27869,27785,29811,31650,33407,34517,34891,35024,35382,36447,38033,39829,41448,42554,43084,43848,45391,47539,48993
E07000039,South Derbyshire,52590,53529,50087,49989,51619,53286,54663,55670,56053,57925,61435,67664,73020,76481,77746,79742,83181,87098,89414
E07000040,East Devon,31635,31080,33687,34192,34064,34853,36131,37043,37734,38678,40268,40999,40873,40500,41113,42764,44529,46073,46791
E07000041,Exeter,39011,39046,39926,41305,42991,44516,45238,45704,46464,48126,49106,49496,49253,50268,51573,53034,53469,53839,53894
E07000042,Mid Devon,27426,27311,28892,29981,31174,32022,32892,33127,33534,33626,34035,34352,34429,34712,35957,38481,40993,42203,42328
E07000043,North Devon,32603,32556,33440,34325,35574,36318,36856,36927,36877,36908,37014,37203,38123,38882,39889,39628,40280,40909,41958
E07000044,South Hams,32937,32830,34125,35276,36359,36896,36941,36872,37009,37667,38891,40896,42871,44024,44014,43612,43115,43006,42828
E07000045,Teignbridge,27110,26545,30459,32490,33894,34078,34043,33561,33752,33740,34786,36401,38778,40584,42098,43188,43481,43092,42416
E07000046,Torridge,29523,29442,30985,32430,33589,34013,33441,33044,33480,34146,35119,36052,37497,38416,38718,38392,36868,35123,33613
E07000047,West Devon,27062,26873,28373,29109,29406,29238,29157,29911,31439,33103,33334,33283,33146,33621,34683,36092,37354,37700,37468
E07000061,Eastbourne,28733,28704,29739,30877,32080,32851,33215,33767,34380,35054,35125,35152,35800,36789,38276,39602,41376,42989,44002
E07000062,Hastings,27783,27694,28596,29199,30260,31809,33892,35086,35360,34910,35100,36199,38018,39481,40738,41258,42084,42348,42691
E07000063,Lewes,30184,29921,32498,34471,36020,36329,35911,35780,36230,37150,37442,37656,37740,38649,40093,41901,42951,43442,43444
E07000064,Rother,28012,27925,28830,29245,29711,29812,29957,30098,30816,31653,32374,32951,33966,35277,36776,37479,38186,38374,38739
E07000065,Wealden,31671,31622,32351,32865,33599,34153,34687,34762,34726,34640,34820,35649,36795,37911,38756,39218,39815,40056,40324
E07000066,Basildon,46255,46075,46556,47384,48596,49879,51035,51799,52929,54034,55493,56690,57172,57542,58515,60613,62483,63515,63696
E07000067,Braintree,33025,32649,35306,36605,37574,38234,39517,40591,41909,42548,43378,44500,46436,49378,52958,55987,56833,55870,54555
E07000068,Brentwood,45882,45742,48759,51822,54240,55354,55092,54710,55340,55505,56695,59547,64877,71009,76456,81969,84390,85092,83753
E07000069,Castle Point,29529,29293,30149,30320,30563,30828,31547,31740,31638,31552,32024,33365,34656,36064,37060,37857,37726,37456,37075
E07000070,Chelmsford,36893,36477,39130,40712,41975,43303,44063,44140,44070,44644,46379,48087,49207,49149,49203,49849,51563,53199,54240
E07000071,Colchester,29524,29255,30963,31934,32777,33532,34276,34967,35736,36625,37479,38219,38902,39885,41406,43354,45337,46733,47385
E07000072,Epping Forest,46777,46858,47034,48488,51288,53661,55350,56179,56619,56400,55813,56268,58142,61242,64013,65973,66078,65306,64290
E07000073,Harlow,43493,42593,49581,52851,54067,53203,51465,49725,47890,45809,44014,43850,44677,46175,47618,49547,50940,51699,51730
E07000074,Maldon,32935,32372,34757,35635,35471,35182,34704,35473,36141,37088,36943,37264,37789,38987,40574,42330,43853,44968,45456
E07000075,Rochford,30388,30234,32612,34266,35612,36321,36262,35616,34359,33101,33123,34417,37346,39367,41154,41595,43242,44813,46390
E07000076,Tendring,28234,28044,30227,31147,31358,31822,32342,32814,32780,33008,33649,35161,36635,38449,39652,40676,40595,40290,39812
E07000077,Uttlesford,34784,34541,35960,36858,37629,38606,39686,40820,41459,42185,43227,45061,46094,46139,45159,44444,43472,42694,41922
E07000078,Cheltenham,31149,30856,34577,37641,40300,42144,42830,42626,41603,40508,39926,40282,41925,43851,46229,47582,48663,48853,48986
E07000079,Cotswold,47846,47735,51283,54645,57395,59845,61429,62106,61456,59698,58504,58374,59286,60759,63396,66998,69927,71349,71428
E07000080,Forest of Dean,40014,39534,42389,43770,44799,45800,47060,47575,48684,49373,51411,52688,53372,53266,53219,55437,59593,65043,68598
E07000081,Gloucester,34228,34355,35198,36445,38114,39634,40807,41694,42971,44529,46123,47170,48193,49075,49540,49037,48126,47463,47306
E07000082,Stroud,35431,35507,36163,36334,35861,35154,34809,35226,36179,37229,38236,39114,40122,41577,43441,45569,47059,48065,48352
E07000083,Tewkesbury,46419,46163,47450,48600,49632,49999,50061,49858,50665,52095,54109,56283,57281,58433,58414,59311,58812,58697,58075
E07000084,Basingstoke and Deane,56173,55829,59140,61224,63105,64708,66428,67899,69145,70588,73038,75280,76039,75085,74236,74852,75735,76339,76144
E07000085,East Hampshire,34592,34499,34694,35026,36081,37413,38310,38641,38914,40153,41636,42718,43126,44127,45750,47462,48124,48438,48487
E07000086,Eastleigh,43658,43643,43168,43643,45330,46894,48229,48663,49242,49818,51391,53262,55271,56554,57922,59671,61311,62445,62753
E07000087,Fareham,33592,33487,35000,36095,36640,37102,37407,38150,38806,40009,41945,44352,46533,48177,49938,52157,53767,54480,54274
E07000088,Gosport,27846,27475,29787,30793,31610,32531,33647,34701,35326,35876,36310,36587,37245,38041,39460,40291,41312,41961,42590
E07000089,Hart,49544,49299,52577,54568,56472,58785,61552,63560,63907,62889,61814,62309,65073,67602,69003,68342,69521,71639,73906
E07000090,Havant,41202,41140,43026,45220,48157,50939,53153,54855,56402,57654,58013,57804,58340,59846,61106,60498,58281,55884,54520
E07000091,New Forest,43328,43063,44243,44663,44995,45272,45684,46127,46872,47961,49048,50111,50861,51844,53218,55254,57205,58594,59115
E07000092,Rushmoor,34032,33709,37355,40468,43687,46623,48984,51155,52974,54305,55046,55590,56462,60607,68824,82397,95258,105045,108917
E07000093,Test Valley,35980,35799,36259,37121,38765,40516,41966,42521,43049,43355,43789,43847,43723,44274,45737,48180,49526,50156,49873
E07000094,Winchester,37806,37485,40536,42590,44408,46176,47327,47643,47294,47152,47718,49306,51647,54303,56613,58118,58443,58145,57672
E07000095,Broxbourne,43289,43312,46481,49851,53092,55482,56176,55087,53345,51917,52164,53235,54685,55424,56260,57621,58254,57934,56792
E07000096,Dacorum,37444,37152,40406,42871,45096,46812,48196,49173,49781,49924,50268,50751,51270,51970,53207,53546,52545,49976,48359
E07000098,Hertsmere,40119,39555,44731,47929,50097,51427,51625,51755,52337,54154,56765,59539,61843,63969,66684,69156,70068,69323,68284
E07000099,North Hertfordshire,36535,36446,38076,40359,42982,45068,46465,47692,49072,50623,52132,53293,53793,54412,55369,57171,58644,59744,60141
E07000102,Three Rivers,61562,61334,63518,65124,66470,67734,68708,70316,71219,72777,73406,74896,76471,79894,84788,89493,92369,93329,93461
E07000103,Watford,43149,42520,46936,49394,51282,52115,51160,48179,45788,44945,45891,47376,48645,50047,51323,54988,58347,61852,62641
E07000105,Ashford,33550,33443,35695,37633,39328,40310,40723,40686,40945,41316,42458,43497,44515,44422,43962,43647,44295,45401,46207
E07000106,Canterbury,30121,29920,32257,33715,34724,35334,35740,36148,36758,37818,39257,40449,40708,40299,39945,40320,41223,41963,42342
E07000107,Dartford,47035,46853,49588,50748,51602,51629,51930,52128,52144,51906,51648,52177,53541,55756,58005,60175,60013,58769,56839
E07000108,Dover,36832,36494,39884,40852,41089,41207,42701,45525,49345,52300,53740,54470,55785,57423,58468,59391,60871,62481,63412
E07000109,Gravesham,31790,31651,32939,34305,36275,37658,38617,38694,39215,40362,42383,44473,45501,45245,44476,45106,47238,49708,51056
E07000110,Maidstone,31336,31193,32624,33719,35220,36935,38558,39467,39870,40172,40556,41269,42304,44067,45949,48041,49728,51307,52104
E07000111,Sevenoaks,38409,37954,41836,44529,47084,48367,48491,47189,47108,48512,51765,55311,58607,60764,63077,65119,67868,69070,69668
E07000112,Folkestone and Hythe,32760,32351,36126,38451,40034,40607,40661,40209,39625,39254,39378,40034,41449,44343,48397,51873,53169,52459,51425
E07000113,Swale,42146,41786,42964,43310,44377,45025,45341,44032,43079,42646,43439,44479,45662,46540,47480,49226,51561,54150,55511
E07000114,Thanet,27603,27510,29312,30686,32039,32988,33995,34699,35153,35172,35606,36608,37885,38460,38699,39348,40671,41786,42267
E07000115,Tonbridge and Malling,44405,44133,46020,47559,49381,51517,53571,54808,55615,56235,57300,57992,58388,59497,61823,65494,68086,69608,69702
E07000116,Tunbridge Wells,34965,34429,39972,43866,46995,48779,49576,49794,50514,51124,51210,50274,49936,51500,55122,58158,59112,58178,57177
E07000117,Burnley,29751,29492,31801,33701,35453,36536,37118,37244,38438,39932,42105,43163,43579,43533,44755,46859,48954,49773,49843
E07000118,Chorley,29276,29155,29940,30492,31234,32220,33315,33756,34040,34321,35190,36520,38377,40788,43240,45241,46548,47253,47557
E07000119,Fylde,55071,55135,58330,60493,61161,60243,57997,55935,54833,54711,54062,52972,52333,54559,57651,60459,60806,60661,60272
E07000120,Hyndburn,29551,29402,31403,32838,33875,34722,35712,37234,38705,39677,40401,41231,42920,44989,46567,46669,45233,44089,43460
E07000121,Lancaster,30378,29984,33366,35752,37492,37938,37296,36187,36146,36862,38485,40097,41511,42829,43487,44473,45032,45717,45853
E07000122,Pendle,34678,34287,37869,39673,40438,40533,40283,40065,39898,39970,40397,41615,43090,45412,47395,49400,49495,48824,47695
E07000123,Preston,30114,29790,32070,33518,34586,35463,36166,37066,38162,39462,40658,41514,42914,44611,46647,47351,47275,46623,46324
E07000124,Ribble Valley,45644,45121,50190,52898,54238,53039,49568,45265,43072,43585,47057,51503,55618,57169,57358,56454,55507,53780,52576
E07000125,Rossendale,31364,30986,32044,33014,33990,35219,35565,36077,36302,37141,37963,39233,40039,40774,41258,42450,42994,43600,43546
E07000126,South Ribble,48999,48815,50104,50772,52018,52794,53538,52067,50531,48429,49231,51672,56394,60367,63383,64437,64734,64398,64217
E07000127,West Lancashire,33955,33605,34589,34813,35171,36028,37093,38081,38766,39370,40039,41000,42145,43555,44853,46650,47707,48538,48484
E07000128,Wyre,27750,27696,28332,28755,29205,29526,29527,29342,29946,31621,34080,36652,39229,41511,43051,44330,45173,45962,46103
E07000129,Blaby,44677,44183,46759,47893,49310,51188,53855,55853,57055,57346,58582,60596,62416,62741,61709,60504,59850,59724,59822
E07000130,Charnwood,39016,39037,40404,41539,42390,42939,43486,44049,44706,45027,45046,44667,44636,45650,47401,49332,50028,49913,49347
E07000131,Harborough,34360,34198,34671,35194,36001,37265,38748,39598,40255,39960,40452,41426,43576,45212,46089,46320,46662,47345,47820
E07000132,Hinckley and Bosworth,31058,30883,32362,33858,36096,38532,40573,41529,42319,42950,43974,44907,45886,46875,48026,50050,51896,53249,53480
E07000133,Melton,35121,35008,35647,36270,37437,38337,39137,39645,39880,39773,40069,40934,42846,44732,46954,49753,52449,54505,55083
E07000134,North West Leicestershire,41021,40694,41977,42935,43942,45087,45894,46427,46644,47370,48838,51341,53579,54606,55059,55131,55034,54373,53664
E07000135,Oadby and Wigston,34118,33961,33699,33697,34224,35394,36537,37415,38110,39208,40428,41282,41129,40265,39551,39541,40212,40996,41419
E07000136,Boston,33543,33594,32686,32156,32500,33217,34089,34123,33569,33254,33936,35856,37927,39180,39306,39788,40892,42484,43265
E07000137,East Lindsey,28887,28865,28882,28771,28920,29479,30448,31122,31836,33252,35528,37785,38499,38297,37742,38180,38329,38594,38338
E07000138,Lincoln,30492,30237,31696,32666,33790,35032,36425,37687,38997,40144,40877,41398,41987,43150,44477,45980,47163,48168,48578
E07000139,North Kesteven,39447,39471,38676,38866,39962,41325,42001,41232,40422,40581,42164,43706,44090,43993,44319,45923,47623,48820,49164
E07000140,South Holland,35478,35314,35473,35274,35508,36240,37504,38182,38484,38735,40208,41970,43663,44809,46685,48864,50905,51695,51891
E07000141,South Kesteven,33597,33452,34768,35721,36797,37428,37786,37777,38296,39297,40825,42033,42991,43321,43533,43659,43873,43939,43826
E07000142,West Lindsey,31864,31715,33155,33683,34380,35022,36455,37471,38423,38957,40317,42196,43666,44454,44944,46389,47994,49121,49386
E07000143,Breckland,30897,30887,30909,31767,33420,35483,37618,39343,40341,40820,41118,41647,42052,42730,43506,44650,45342,45945,46108
E07000144,Broadland,34659,34759,35588,37246,39819,42076,44567,46121,47094,47075,47237,48361,50289,53214,56238,60537,64885,69218,71442
E07000145,Great Yarmouth,31384,31342,33062,34417,36036,37450,38325,38656,39212,40836,42853,44660,44996,44490,43278,43027,42794,42788,42334
E07000146,King's Lynn and West Norfolk,33309,33254,33769,34678,35811,36693,37304,37790,38460,39905,41484,43224,44025,44274,44275,44639,45633,46710,47392
E07000147,North Norfolk,27279,27240,28237,29625,31663,33546,34723,34691,34396,34208,34582,35235,35842,36591,37285,38322,38260,37850,37021
E07000148,Norwich,25001,24770,26295,27116,27847,29313,31238,33282,34701,35846,36921,38232,39137,39944,40389,41310,41996,42875,43219
E07000149,South Norfolk,38050,38003,38604,39596,40884,42344,43125,42953,42323,41732,42095,42515,43144,43191,43535,44078,45117,46322,47123
E07000163,Craven,29577,29563,30479,30959,31459,31664,32101,32878,34387,35569,36045,35649,35991,37164,39082,40816,42103,43140,43607
E07000164,Hambleton,33088,32833,35390,37016,39098,40309,40619,39796,39413,39982,41140,42245,43625,45159,46814,48394,49526,50604,50964
E07000165,Harrogate,33250,32952,34702,35627,36388,36888,36767,36215,35944,36381,37344,38519,39286,40641,42355,45080,46852,48070,48250
E07000166,Richmondshire,20582,20395,21761,22360,22690,22947,22947,23244,23895,24888,25902,27083,28298,28606,28086,27431,27837,28605,29245
E07000167,Ryedale,27871,27533,28324,28109,28335,29353,30835,32310,34040,36248,38292,39067,39345,40022,42097,44509,47132,48938,50067
E07000168,Scarborough,30474,30218,32361,33414,34361,35220,36125,36507,36572,36254,36421,36481,36333,35829,36252,37896,39638,40768,41006
E07000169,Selby,49083,49014,50644,52235,54532,56612,57516,57515,55428,53949,52672,53042,53411,53596,53555,54451,55328,56335,56365
E07000170,Ashfield,43322,43280,43748,44676,46078,46864,46986,47042,47555,48337,48692,48662,48587,48543,48752,48969,49746,50567,51286
E07000171,Bassetlaw,31627,31177,33941,34976,35467,35658,36237,36852,37619,37973,38194,38400,38725,39141,39319,39553,40127,40918,41536
E07000172,Broxtowe,37990,37667,39446,40477,41210,41365,41325,41522,42794,45293,48079,50350,51515,51523,51307,50690,51585,52360,53423
E07000173,Gedling,28481,28118,30605,31498,32111,32438,33437,34746,37084,38981,40299,40222,40275,40496,41666,43034,45094,46708,47732
E07000174,Mansfield,26078,26154,26119,26688,27804,28689,29391,29862,31109,32692,34169,34670,34515,34364,34905,36293,37842,38993,39394
E07000175,Newark and Sherwood,35099,35019,35244,34798,34903,35274,36608,37521,38697,39608,40489,40707,40940,41712,42751,43745,44046,44251,44165
E07000176,Rushcliffe,35653,35434,35675,35360,35970,37701,40551,42731,44360,45440,46817,48197,48812,49166,49982,52710,56181,59184,60533
E07000177,Cherwell,40425,40369,40912,41959,43311,45087,46689,47866,48899,49617,50659,51906,53612,55015,56176,56908,57280,57030,56609
E07000178,Oxford,34091,33870,35522,36419,36836,37571,38561,39891,41400,42810,44120,45255,46086,46863,47122,47778,48861,50505,51623
E07000179,South Oxfordshire,40296,40195,41435,42806,44016,44541,44805,45250,46331,47214,47968,49202,50162,51014,51241,52974,55792,58622,60106
E07000180,Vale of White Horse,39135,38858,42603,45485,48158,50278,51530,52319,53423,55103,56692,57787,57692,57442,57553,58449,60148,61259,62073
E07000181,West Oxfordshire,35450,35600,34175,33408,33152,34107,35949,37711,38820,38999,39506,40058,41013,41220,42065,43769,46316,48073,48697
E07000187,Mendip,31585,31456,32286,33311,34672,35864,36624,36961,37225,37262,37251,37213,37538,37750,38205,38894,40157,41347,42076
E07000188,Sedgemoor,30693,30791,30954,31712,33330,35067,36755,37749,38538,39102,39540,39890,40731,42458,44389,46238,47016,47457,47327
E07000189,South Somerset,34949,34847,35979,36627,37222,37564,38171,38623,39266,39607,40383,40977,41922,42733,43853,45527,47081,48480,48935
E07000192,Cannock Chase,36885,36970,38724,40319,41155,40521,39609,39215,39958,40497,40970,41438,41971,42720,43516,45195,46775,48013,48426
E07000193,East Staffordshire,42609,42473,44943,47055,49281,50313,50455,50069,50811,52438,54297,55281,55919,56230,56356,56179,55279,54597,53812
E07000194,Lichfield,32532,32145,35037,36188,36445,36363,36484,36929,37800,38242,38676,39433,40923,42848,44262,45101,45014,44835,44623
E07000195,Newcastle-under-Lyme,28953,28811,30638,32243,33909,35159,35936,36526,37447,38099,38260,38309,39038,40140,41025,41989,43001,44244,44805
E07000196,South Staffordshire,33591,33528,34494,35413,36395,37261,37888,38282,38603,38634,38947,39066,39822,40255,41922,44205,47159,48961,49675
E07000197,Stafford,30927,30560,32105,32401,32558,33413,34841,36297,37466,38534,39921,41745,43491,44487,44833,45350,46479,47775,48532
E07000198,Staffordshire Moorlands,30429,30108,32094,32926,33258,33221,32963,33324,34593,37088,39069,40518,40485,40953,41715,43193,43174,42311,41105
E07000199,Tamworth,29070,29001,30169,31183,32258,33811,35601,37307,37899,37306,35971,35315,36512,39767,44302,48041,49902,50142,49883
E07000200,Babergh,33011,32859,34039,34641,35140,36399,38375,40378,41596,42083,42710,43509,44701,45777,47372,49065,50250,50789,50686
E07000202,Ipswich,35500,35046,40326,44321,46994,48502,48205,47404,46503,46733,48400,50873,53241,54589,55272,55787,56275,56965,57279
E07000203,Mid Suffolk,31794,31467,33229,34215,35022,36184,36914,37281,37168,37539,38217,39077,40403,42141,44462,46302,47252,47399,47170
E07000207,Elmbridge,48506,48060,51660,53650,55365,56448,57228,57459,57595,58088,60413,65101,71041,77493,82847,89236,94373,98862,100558
E07000208,Epsom and Ewell,45117,44786,46804,48348,50815,51987,52307,51132,50127,48878,47950,47353,47728,49207,50882,52255,52413,52042,51544
E07000209,Guildford,39381,39401,40488,41009,41712,43028,44988,46594,47738,48466,49324,50188,51236,52664,53752,54452,55420,56669,57858
E07000210,Mole Valley,49111,48411,55595,59298,61069,62361,62659,62970,64231,68917,76442,82999,85435,84266,82997,82752,83243,83460,83603
E07000211,Reigate and Banstead,68322,67857,74786,79888,85103,89755,92967,94290,93222,92017,91472,91711,90703,89785,88184,87194,84175,81596,79637
E07000212,Runnymede,65612,65422,66033,66600,69228,71828,74360,74253,74515,76493,81850,88036,92443,94950,96683,98716,100171,100693,100716
E07000213,Spelthorne,45039,44422,48646,50722,52946,54948,57377,59439,60809,62557,64010,66543,68359,70234,71015,71602,72125,72915,73561
E07000214,Surrey Heath,42795,42651,45720,48644,51527,52737,52555,51922,52399,53518,53540,53415,53409,54230,55050,56590,60358,64556,67512
E07000215,Tandridge,32314,32413,34237,35714,36612,37541,38608,39909,40200,39838,39316,40235,42638,45833,47507,46991,45861,45429,45923
E07000216,Waverley,41181,41045,43645,45489,47273,48452,49305,49730,49847,49861,49880,49896,49726,49594,49965,51196,52516,53371,53506
E07000217,Woking,44846,45147,46075,47901,50259,52050,53445,54428,54946,55709,56880,58590,59592,60045,60444,61128,60977,60032,58920
E07000218,North Warwickshire,51672,51575,51634,50670,48495,46026,44244,43761,45092,48038,51673,54428,54610,54114,53933,55736,57801,59412,59992
E07000219,Nuneaton and Bedworth,27313,27053,28229,29126,30250,31359,32004,31786,31759,32331,34402,36589,38551,39267,39748,40372,41484,42603,43240
E07000220,Rugby,40213,39807,42618,43928,45194,45927,46665,46875,47141,47054,47271,48101,50081,52482,54803,55954,55873,54714,53741
E07000221,Stratford-on-Avon,40331,40280,40810,41207,41551,41646,42276,43380,45574,48250,50990,53324,54833,56458,58678,61216,62673,62506,61777
E07000222,Warwick,41339,40904,43597,44964,45920,46338,46602,46812,47533,49140,51255,54440,57329,60936,63333,65677,66215,66557,66226
E07000223,Adur,36041,35864,36942,37931,39598,41681,43845,45287,45657,44778,43732,43065,43900,45671,47952,49144,48554,47250,46216
E07000224,Arun,29472,29533,29992,30728,31890,33299,34855,36047,36657,37148,37612,38684,39630,41049,42126,43203,43757,44379,44728
E07000225,Chichester,32519,32110,34924,36320,37671,38788,39389,38808,38261,38461,39424,40568,41289,42177,43146,44503,45629,46266,46403
E07000226,Crawley,42356,42382,43082,44318,46345,48169,49363,49765,50465,52036,53820,55484,56700,58329,60083,61712,61438,60199,58627
E07000227,Horsham,39100,38632,41564,43444,45197,46844,47595,47155,46965,46897,47440,47340,47703,47655,48701,49947,52359,53561,54227
E07000228,Mid Sussex,32880,32302,35333,37012,38586,40345,41874,42776,43067,42962,42957,43577,44470,45555,46809,48517,50146,50915,51003
E07000229,Worthing,42927,42639,44567,46042,47785,49863,52016,53009,53478,53303,53877,54872,56349,59362,63441,68516,72109,74411,75173
E07000234,Bromsgrove,43125,43037,45669,46987,47178,47280,48622,51554,55070,58198,60332,61380,60324,56744,52552,50550,51322,52801,53377
E07000235,Malvern Hills,34437,34620,35204,35828,36487,37016,37844,39181,40661,42126,42980,43886,44466,45381,46150,47494,48583,49533,49813
E07000236,Redditch,27061,27182,27095,27605,29057,30921,33327,35129,37045,38742,41102,43897,47394,51113,53894,54929,53937,52482,51406
E07000237,Worcester,31590,31621,33665,35737,37893,39020,39568,39841,41300,43727,46992,49585,51060,51536,51473,52014,52854,53982,54540
E07000238,Wychavon,31701,31449,33185,34149,34827,35111,35349,36054,37327,38885,39831,40481,40762,41521,42890,45158,47594,49308,50024
E07000239,Wyre Forest,26075,25968,27163,28607,30373,31653,32282,32528,32882,33547,34851,36239,37172,37068,36616,36488,36456,36474,36268
E07000240,St Albans,38017,38050,38674,39594,40273,40329,39932,39804,40000,40237,40556,41469,43741,46842,49733,51388,52380,53249,53995
E07000241,Welwyn Hatfield,45443,45258,46828,48017,48250,47797,46923,45743,44559,43116,42590,43557,45427,46990,47485,48594,51862,56107,59183
E07000242,East Hertfordshire,38486,38057,42250,45314,48600,52256,55330,56613,55934,53630,50795,48440,48060,48956,49752,49284,48234,47966,48058
E07000243,Stevenage,42549,42579,45484,48451,51625,52726,52889,51636,51032,51294,52799,54613,55360,55553,55345,55401,55004,54495,54025
E07000244,East Suffolk,36243,35996,37347,38160,38540,38947,39265,39370,39765,40706,42163,43609,44403,45122,45682,46955,48333,49971,50823
E07000245,West Suffolk,39361,39436,40465,41954,43857,45564,46474,46506,46318,46886,48094,49514,51021,52505,53477,53526,52974,52600,52435
E07000246,Somerset West and Taunton,30083,29975,30918,32218,33535,34559,34674,34581,34693,35261,36153,37047,38299,39479,40730,41453,41647,41399,41099
E08000001,Bolton,29963,29879,31546,33169,35043,36418,37431,38352,39423,40565,41572,42422,43189,44126,45147,46165,46637,46714,46540
E08000002,Bury,32957,33045,34374,35977,37472,38568,38970,39148,39198,39648,40117,40767,41169,42016,42568,43355,44039,45011,45669
E08000003,Manchester,35605,35332,38783,41493,43754,45631,46803,47821,48654,49467,49997,50250,50649,51614,53099,55009,56425,57419,57643
E08000004,Oldham,27928,27958,28742,30230,32339,33930,34856,35360,35976,36842,37686,38627,39607,40544,41343,42569,44103,45714,46524
E08000005,Rochdale,28652,28583,29783,30677,31726,32612,33658,34637,36015,37756,39490,41001,41851,42737,43327,44089,44659,45296,45631
E08000006,Salford,34455,34189,37448,40039,42179,43695,44167,44376,44620,46145,48692,51983,54649,55942,56171,56015,56749,57655,58469
E08000007,Stockport,34210,34045,35579,36925,38155,39199,39922,40593,41125,41782,42383,43124,43679,44886,46282,47745,48176,48158,47929
E08000008,Tameside,30832,30788,31487,32624,34307,35832,37235,38016,38775,39274,39996,40718,41443,42543,43960,45462,46217,46383,46281
E08000009,Trafford,41780,41741,43473,45640,48141,50000,51045,50928,50729,50602,50935,51275,51713,52865,54788,56899,58165,58486,58341
E08000010,Wigan,31028,30944,31898,32997,34290,35443,35837,35734,35684,36440,37589,39151,40595,42183,43225,43715,43819,43894,44043
E08000011,Knowsley,35832,35542,37125,38021,38915,39682,40509,41434,42595,43919,45111,46557,47884,49817,51903,53631,54077,53437,52799
E08000012,Liverpool,34720,34355,37350,39276,41004,42366,43690,44895,45830,46333,46613,47065,47825,48562,49051,49173,49336,49593,49867
E08000013,St. Helens,32597,32146,34477,35685,36836,37796,38720,39293,39457,39341,39112,39590,40423,41359,41833,42116,42081,41963,41686
E08000014,Sefton,26339,26140,28402,30171,32169,33864,35365,36205,36738,36803,36909,37199,38230,39592,41102,42257,43178,43691,43908
E08000015,Wirral,31165,30976,33296,34955,36637,37859,38753,39210,39447,39705,40253,41089,42413,43501,44484,44980,46046,47123,48038
E08000016,Barnsley,30256,30054,32260,34233,36269,37656,38161,38125,38582,39395,40419,40954,41402,41891,42387,42908,43243,43723,43993
E08000017,Doncaster,29200,29056,30065,30961,32057,33228,33995,34402,34719,35177,35928,36776,37816,38996,40412,42040,43354,44221,44491
E08000018,Rotherham,30212,30220,29924,30389,31445,32932,34307,35317,36483,37824,39214,40169,40328,40687,41270,42887,43852,44479,44297
E08000019,Sheffield,32662,32483,34237,35731,37164,38347,39032,39680,40446,41485,42406,43323,43844,44396,44690,45271,45812,46363,46632
E08000021,Newcastle upon Tyne,30857,30553,32957,34295,35438,36204,36766,37340,38260,39486,40689,41871,43191,44811,46105,47041,47308,47576,47635
E08000022,North Tyneside,39990,39678,41775,42684,43553,44133,44536,44658,44771,45249,45537,45755,45907,46612,47752,49175,50539,51672,52296
E08000023,South Tyneside,29920,29749,31144,31974,32927,33365,33641,33533,34065,34825,36128,37172,38565,39401,40177,40547,41073,41579,41876
E08000024,Sunderland,36029,35827,37689,38857,40047,41091,42310,43342,44168,45186,46870,49462,51816,53631,54691,55970,56826,57491,57488
E08000025,Birmingham,32137,31924,34072,35626,37039,38649,40090,41349,41980,42339,42795,43613,44841,46191,47672,48822,49502,49605,49521
E08000026,Coventry,36325,36045,38693,40361,41705,42939,44053,45183,46607,48117,49688,51188,53603,56314,58547,59031,58538,57940,57734
E08000027,Dudley,29336,29232,30552,31599,32803,33573,34191,34747,35773,37074,38329,39256,39869,40478,41323,42328,43344,44051,44440
E08000028,Sandwell,32114,31814,33922,34792,35263,35559,36113,37007,37860,38494,38853,39568,40935,42864,45366,47766,50160,51656,52503
E08000029,Solihull,45215,45240,46617,48480,50847,52979,54735,55922,56786,57214,57765,59265,61993,65936,69187,71005,70050,68679,67414
E08000030,Walsall,27325,27194,28341,29337,30282,31268,32239,33524,34969,36613,38161,39481,40516,40981,41452,41691,42010,42165,42248
E08000031,Wolverhampton,35774,35578,37447,38289,38673,39186,39563,39760,39773,40117,41008,41526,41808,41914,42978,44604,45855,46504,46505
E08000032,Bradford,30339,30151,32285,33864,35364,36476,37247,37696,38229,38847,39527,40132,40752,41483,42443,43599,44701,45452,45753
E08000033,Calderdale,30073,29853,32386,34624,36229,37246,36835,36139,35490,35596,36318,37840,39776,42394,45087,48256,50475,51858,52124
E08000034,Kirklees,28364,28259,29045,30012,31416,32904,34166,34735,35091,35403,35978,36719,37388,38178,39263,40656,42163,43127,43621
E08000035,Leeds,37035,36751,39502,41867,43862,45666,46381,46944,47316,48244,49405,50533,51470,52061,52723,53429,54279,54927,55266
E08000036,Wakefield,36477,36516,36784,37470,38456,39144,39731,40009,40220,40516,40892,41487,42071,42964,44240,45940,47595,48713,49159
E08000037,Gateshead,32494,32476,34664,36722,38446,39069,39075,39058,40043,41165,42095,41815,41350,40999,41285,42160,43215,44409,44998
E09000001,City of London,86799,85436,100927,112546,122625,130297,133551,133790,131543,129154,127089,125660,124645,123569,123802,124245,127503,130479,133453
E09000002,Barking and Dagenham,44871,44769,47670,50454,53739,56524,58943,60871,62110,63252,64141,64928,64062,62003,59385,57856,56643,55846,55016
E09000003,Barnet,40281,39989,43108,45300,47032,47901,47664,47053,46982,47537,48535,49536,50996,52261,53521,54517,55968,57267,58108
E09000004,Bexley,47177,46923,49842,53505,57514,60641,61607,61103,61184,63362,67564,71731,74965,76308,77182,77033,77441,77625,78059
E09000005,Brent,44187,44053,46958,50091,53642,56145,57123,56988,56800,57187,58020,59775,61684,63054,62641,61705,61218,61797,62370
E09000006,Bromley,44532,44346,47277,49210,50646,51450,52333,53477,55021,56313,57359,58122,59416,60854,62830,64495,65835,65978,65712
E09000007,Camden,48946,48322,53610,56786,59250,60771,61557,61995,62727,63782,65373,68404,73585,80561,87162,91574,92584,91771,90549
E09000008,Croydon,42344,42007,45886,48784,51232,53514,54921,56003,56303,57385,58814,61256,62790,63620,63806,65326,68100,71043,72640
E09000009,Ealing,45301,45096,47573,49453,51569,53343,54810,54866,54542,53874,54502,55948,58159,59977,61809,63144,64412,64536,64437
E09000010,Enfield,45343,45127,47701,50118,53044,54901,55349,55001,54973,55804,56374,56847,57397,58787,60562,62196,63241,63894,64155
E09000011,Greenwich,44177,43918,46419,48087,49797,51036,51956,52641,53971,55381,55891,55399,54918,55510,56462,57328,57394,57413,57229
E09000012,Hackney,34881,34258,39851,43552,46479,48056,48659,48539,48894,49381,49935,50218,50516,51835,53839,56755,58867,60384,60769
E09000013,Hammersmith and Fulham,40294,40154,41403,42400,43818,45726,47329,48512,49866,52438,56130,60214,63745,66750,69559,72959,75405,76702,76537
E09000014,Haringey,32320,32213,33562,34611,36017,37758,39775,41839,43762,44826,45085,45022,45532,46582,47742,49103,49750,50033,49659
E09000015,Harrow,42435,42152,45180,47203,49316,51284,52741,53502,54225,55286,56000,56919,57641,58772,59278,59963,60759,61750,62250
E09000016,Havering,39692,39358,43373,46949,49981,52307,52793,53062,53589,54675,55982,56926,58143,58806,59255,59930,60969,62288,62863
E09000017,Hillingdon,55268,55043,56241,56954,57021,56881,56383,56249,56673,57400,58556,61215,64900,68662,70863,72946,73867,74443,73835
E09000018,Hounslow,60238,59842,64347,68562,73995,78252,80939,81520,82349,83852,87229,90358,93129,94276,95899,97991,99795,100519,100307
E09000019,Islington,56814,56578,59579,61750,64038,65446,66989,69027,72179,75238,77463,78697,79736,80811,82175,83254,84183,84645,84946
E09000020,Kensington and Chelsea,36699,36277,40105,42955,45997,48934,50801,51615,52907,56021,61312,66759,70504,70993,69960,68425,68572,68905,69564
E09000021,Kingston upon Thames,41339,41100,42608,43640,44252,46064,47015,48124,49229,51314,53611,54754,55260,54866,55346,56415,57789,58707,58844
E09000022,Lambeth,46753,46466,50590,54365,58265,61586,63451,64657,66699,68336,68871,67629,68290,70275,73895,75737,77094,77176,77408
E09000023,Lewisham,30745,30473,33895,36782,39633,41602,42799,43775,45117,46111,46228,46136,46655,47841,48631,48920,49068,49283,49471
E09000024,Merton,47189,47181,47867,50441,53462,55795,56118,55364,54947,54761,55453,56426,58591,60161,60820,60156,59688,59925,60372
E09000025,Newham,46466,46395,47457,49040,51648,54370,56702,57440,57754,57104,56376,55336,54639,54754,54540,54877,54286,54391,54052
E09000026,Redbridge,39256,38966,43039,46512,49555,50574,50257,49911,50337,51378,51916,52780,53629,54983,56238,57106,57415,56977,56566
E09000027,Richmond upon Thames,49895,49659,52419,54225,55931,56917,57307,57076,57148,57861,60062,62439,64851,66653,68788,71911,74668,76727,77200
E09000028,Southwark,51629,51716,51787,52478,52788,53300,53862,55897,58567,61469,62874,63723,63558,64137,64680,66421,68182,70008,70834
E09000029,Sutton,41927,41543,45387,48235,49917,50658,49985,49513,49327,49865,51023,52360,53645,54336,55068,55715,56121,55924,55578
E09000030,Tower Hamlets,91342,91007,94143,98611,103346,109177,113166,116741,118527,119356,119097,118745,119523,121335,123507,124014,122865,121377,120687
E09000031,Waltham Forest,37653,37302,40138,42498,45335,47172,47720,47080,46948,46821,46998,47262,48515,50135,51489,52170,52440,52557,52610
E09000032,Wandsworth,33892,33667,36572,38749,40537,42211,43659,45147,46596,47959,49722,52017,54584,56161,56793,56488,56393,56139,56127
E09000033,Westminster,57662,57254,62037,65677,68952,71673,73343,74537,75953,77650,79929,82096,84960,88319,92637,96945,99967,101501,101806
N09000001,Antrim and Newtownabbey,32793,32520,34030,35261,36635,37824,38085,37904,38042,39039,40489,41973,43581,45057,46537,47702,48624,49094,49226
N09000002,"Armagh City, Banbridge and Craigavon",31040,30864,32399,33563,34710,35503,35983,36269,36855,37514,38444,39304,40560,41842,43272,44431,45744,46800,47555
N09000003,Belfast,33726,33439,36042,37942,39564,40939,41412,41618,41720,42805,44223,45734,46995,48460,50461,52614,54282,55101,55289
N09000004,Causeway Coast and Glens,30128,29999,31285,32545,33857,35175,36165,37309,38310,39427,39931,40105,40443,41655,43562,45157,46058,46404,46572
N09000005,Derry City and Strabane,27528,27209,29977,31898,33359,34274,34361,34173,34196,35361,36996,38582,39534,40393,41449,42547,43364,43824,44000
N09000006,Fermanagh and Omagh,30165,30008,31825,33275,34549,35335,35496,35355,35612,36275,37287,37889,38764,39816,41476,43070,45080,46729,47906
N09000007,Lisburn and Castlereagh,32593,32434,33547,34555,35630,36414,36890,37190,38188,39628,41434,42899,44181,45488,46914,48407,49583,50342,50625
N09000008,Mid and East Antrim,44741,44444,45991,46510,47174,48479,51275,54245,57143,58581,59964,60943,61339,60827,57973,54936,51319,49691,48769
N09000009,Mid Ulster,41737,41514,43073,44030,44674,44415,43611,42807,42958,43883,45360,46798,48251,49290,50268,51098,51942,52453,52624
N09000010,"Newry, Mourne and Down",30109,29947,31412,32425,33396,33979,34216,34279,34824,36138,38129,40188,42262,43896,45274,46198,47204,48093,48706
N09000011,Ards and North Down,30359,30231,31611,33091,34743,36060,36571,36525,36899,37710,38873,39383,40084,41160,43373,45919,47668,48362,48204
S12000005,Clackmannanshire,35112,34766,37739,40119,42515,44162,45115,45310,46079,46989,48408,49982,52590,56213,60197,64558,68152,71122,72371
S12000006,Dumfries and Galloway,37356,37143,38361,38973,39603,40370,41244,41978,42643,43473,44755,46158,47372,47972,48347,49125,50615,52347,53440
S12000008,East Ayrshire,30771,30799,32792,34492,36110,37400,38285,38698,38819,39141,39717,40253,40517,40702,41094,41740,42569,43100,43355
S12000010,East Lothian,32077,31951,33412,34790,36090,37240,38030,38913,39646,40735,42118,43816,45617,47343,48940,50455,51563,52426,52713
S12000011,East Renfrewshire,30733,30387,32658,33867,35014,35485,35847,35523,36029,36931,38893,40478,41856,42997,44383,45803,46618,46957,46949
S12000013,Na h-Eileanan Siar,28511,28461,30567,32296,33829,35390,37011,39128,40767,41732,41846,41518,41409,41379,41676,42462,43196,44001,44176
S12000014,Falkirk,39364,39100,42378,44884,46969,48290,49682,50724,51521,51252,51151,51435,52525,53628,54973,56732,58654,59994,60454
S12000017,Highland,30628,30398,32865,34050,34672,35152,36080,37556,39344,40820,42070,43054,44245,45749,47410,49396,50501,51025,50767
S12000018,Inverclyde,30658,30561,32074,32915,33987,35248,36682,37686,38132,38613,39259,39739,40031,40535,41496,42846,43316,43370,42880
S12000019,Midlothian,30028,29909,30884,31189,31643,32284,33444,34413,35336,36050,36851,37962,39482,41561,43886,46310,48734,50550,51586
S12000020,Moray,27430,27257,29626,31568,33765,36094,38464,40545,41969,43142,44024,45117,45691,46268,46784,47796,48709,49234,49329
S12000021,North Ayrshire,32002,31741,34209,36140,37686,39140,40174,41608,42792,44249,45635,46753,47445,47632,48156,49222,51106,52959,54164
S12000023,Orkney Islands,36851,36467,39625,41090,42282,43401,44875,46259,47746,48850,49311,49236,48922,48036,46234,44303,42998,42729,42696
S12000026,Scottish Borders,30170,29975,31421,32281,33201,33953,34873,35878,36926,37900,39275,41061,43143,44576,45666,46523,47597,48298,48648
S12000027,Shetland Islands,33875,34000,34336,35452,37439,39230,40368,41653,43892,47563,50604,51487,51038,50377,51177,52490,53150,53117,52513
S12000028,South Ayrshire,34912,34724,36354,37324,37806,38296,39153,40491,41917,42681,43223,43644,44590,45539,46833,48125,49038,49231,48997
S12000029,South Lanarkshire,34050,33978,35209,36368,37946,39728,41849,43365,44315,44680,45721,47170,48935,50462,52177,53937,54868,54979,54546
S12000030,Stirling,35076,34708,36919,38060,38984,40387,41461,42594,43541,45185,46566,47751,48222,48435,48461,48904,49759,50742,51285
S12000033,Aberdeen City,35243,35153,37196,39827,43535,47101,50195,52300,54308,56269,58207,59471,59513,58550,57191,56601,57043,57967,58613
S12000034,Aberdeenshire,40256,40230,43003,46019,49623,52879,55316,56113,55894,55568,56904,59401,61898,62550,62264,61646,61615,61349,61123
S12000035,Argyll and Bute,25944,25670,28619,30053,31028,32204,33536,34891,35645,36499,37339,38408,39138,39942,40708,41828,42483,42930,42921
S12000036,City of Edinburgh,38375,37986,41951,44762,47217,49427,50951,51958,52203,52679,53959,56328,59269,62249,65226,67614,68902,69168,68972
S12000038,Renfrewshire,35690,35514,37887,39002,39620,39817,40425,41481,43011,44730,46476,47516,47869,47533,47593,48268,49032,49520,49475
S12000039,West Dunbartonshire,31618,31152,35357,37461,38333,38692,39205,40620,42241,43943,44873,45611,46742,48991,52020,54659,56284,56770,56778
S12000040,West Lothian,40919,40753,42887,44379,45934,47386,48660,49835,50625,51000,50505,50600,51476,53674,55958,58098,59613,60437,60717
S12000041,Angus,28443,28177,30247,31847,33668,35089,35984,36355,36973,38022,40030,42084,44150,44999,45944,46978,48835,50293,51126
S12000042,Dundee City,30113,29936,31313,32281,33258,34121,34865,35750,37212,38914,40473,41439,42040,42477,43060,43969,45019,45819,46170
S12000045,East Dunbartonshire,30356,29959,32994,34628,35989,36931,37723,38367,38877,39192,39536,40415,42036,44052,46194,48311,49920,50729,50815
S12000047,Fife,30377,30166,31981,33575,35811,38226,40478,41664,42302,42703,43480,44543,45750,47227,48737,50342,51354,51909,51953
S12000048,Perth and Kinross,34654,34230,37240,39412,41686,43323,44552,45497,46869,48872,51550,54478,56959,58855,60128,60908,61316,61333,61389
S12000049,Glasgow City,33031,32748,35462,37422,39139,40428,41263,42070,43011,44651,46201,47576,47770,48090,48699,50157,51334,52061,52228
S12000050,North Lanarkshire,34901,34644,36471,37190,37767,38569,39922,41513,43039,44456,45849,47449,49404,51453,53437,55264,56821,58074,58648
W06000001,Isle of Anglesey,30313,30128,32006,32891,33703,33897,33854,33526,33503,34110,34713,35326,35712,36810,38190,40044,41358,42421,42760
W06000002,Gwynedd,29680,29526,31688,33456,35210,36057,35981,35468,35169,35382,35604,35819,35771,35776,36012,36781,37551,38123,38231
W06000003,Conwy,26554,26422,27584,28344,29147,29440,29466,29554,30103,31121,32158,33166,33784,34546,35625,37392,38639,39226,39080
W06000004,Denbighshire,28815,28673,29695,30439,31243,31656,32025,32536,33343,34309,35212,36218,37212,38112,38888,39618,40410,41148,41603
W06000005,Flintshire,35850,35795,36216,36791,37875,39196,40786,42542,44502,46622,48001,48805,49110,50581,52679,55253,56782,57755,58003
W06000006,Wrexham,36715,36328,39279,41088,42342,43275,43905,44744,45494,46552,47293,48343,48982,49702,49871,50203,50587,51179,51525
W06000008,Ceredigion,27489,27375,28497,29169,30137,31120,31776,32207,32898,34109,35183,35724,35659,35923,36766,38214,39407,40019,40181
W06000009,Pembrokeshire,31247,30814,33584,33948,34265,34110,33936,32836,32320,32766,34292,36803,39285,42433,44235,45986,46056,46119,45620
W06000010,Carmarthenshire,31231,31101,31432,31579,32279,32678,32943,32716,33289,34357,35744,36666,37252,37642,38348,39511,41129,42412,43109
W06000011,Swansea,29399,29308,31149,32643,34257,35658,36656,37369,38065,39152,40263,41040,41708,42576,44058,45691,47246,48222,48673
W06000012,Neath Port Talbot,30458,30304,32433,34089,35871,36797,37545,38023,38841,39547,40425,41430,42224,43116,44017,45410,46355,46872,46892
W06000013,Bridgend,37144,36921,38084,38756,39298,39576,39950,40520,41708,43021,44008,44438,44726,45599,47447,50242,53070,55384,56459
W06000014,Vale of Glamorgan,31944,31862,32648,33659,34704,35797,36076,36241,36427,37643,39020,40483,41472,42195,42329,42172,42116,42435,42717
W06000015,Cardiff,34253,33989,35954,37484,38896,40175,40821,41309,42099,43555,45187,46475,47464,48476,49761,51128,52475,53515,54106
W06000016,Rhondda Cynon Taf,28637,28384,29793,30804,32053,33994,36569,39328,41719,43518,44811,45830,47100,48684,50560,52035,53102,53929,54449
W06000018,Caerphilly,33361,33095,34388,34871,35029,34951,34905,35391,36773,38441,39760,40581,41540,43308,45769,48137,49436,49655,49430
W06000019,Blaenau Gwent,27955,27863,29617,30933,32209,32707,32866,33369,34227,35772,36563,37261,37423,38440,39756,41602,43032,44024,44381
W06000020,Torfaen,28112,27868,30613,32618,33826,34652,34978,35658,36403,37372,37942,38512,38754,39101,39768,41278,42992,44163,44476
W06000021,Monmouthshire,31276,31243,33287,35303,37259,38743,39204,39592,40053,41183,42274,43420,44054,44269,44119,44538,46039,47879,49158
W06000022,Newport,33845,33617,35545,36840,37676,38364,38673,39339,40270,41694,42898,43570,43950,44599,45909,47503,48811,49569,49795
W06000023,Powys,25752,25626,26995,27949,28729,29277,29488,29588,29682,29980,30482,31114,31729,32258,32846,33658,34627,35474,35943
W06000024,Merthyr Tydfil,33853,33432,36161,37398,37724,37745,37592,37842,38290,39270,40035,41048,41635,42671,43499,44489,44454,44032,43354
